Method,Profit,Charge,Discharge,Hold,LLM_Calls,Relative_to_MPC
Rule-Based,34.23095587168547,63,64,209,0,184.0922325276116
Q-Learning,31.49600571343356,57,57,222,0,169.38381823817016
MPC (24h),18.594459636721087,24,21,291,0,100.0
Reflexion,13.335354072181323,29,22,285,350,71.71681421624176
DQN,13.188407128589644,43,42,251,0,70.92654148736136
Simple LLM,5.358823509586166,6,2,328,336,28.819463508384757
